Date,Open,High,Low,Close,Adj Close,Volume
4/27/2015,132.309998,133.130005,131.149994,132.649994,122.072395,96954200
4/28/2015,134.460007,134.539993,129.570007,130.559998,120.149078,118924000
4/29/2015,130.160004,131.589996,128.300003,128.639999,118.382187,63386100
4/30/2015,128.639999,128.639999,124.580002,125.150002,115.170479,83195400
5/1/2015,126.099998,130.130005,125.300003,128.949997,118.667458,58512600
5/4/2015,129.5,130.570007,128.259995,128.699997,118.437393,50988300
5/5/2015,128.149994,128.449997,125.779999,125.800003,115.768646,49271400
5/6/2015,126.559998,126.75,123.360001,125.010002,115.041649,72141000
5/7/2015,124.769997,126.080002,124.019997,125.260002,115.753204,43940900
5/8/2015,126.68,127.620003,126.110001,127.620003,117.93409,55550400
5/11/2015,127.389999,127.559998,125.629997,126.32,116.73275,42035800
5/12/2015,125.599998,126.879997,124.82,125.870003,116.316917,48160000
5/13/2015,126.150002,127.190002,125.870003,126.010002,116.446297,34694200
5/14/2015,127.410004,128.949997,127.160004,128.949997,119.163139,45203500
5/15/2015,129.070007,129.490005,128.210007,128.770004,118.996811,38208000
5/18/2015,128.380005,130.720001,128.360001,130.190002,120.309013,50882900
5/19/2015,130.690002,130.880005,129.639999,130.070007,120.198143,44633200
5/20/2015,130,130.979996,129.339996,130.059998,120.188896,36454900
5/21/2015,130.070007,131.630005,129.830002,131.389999,121.417961,39730400
5/22/2015,131.600006,132.970001,131.399994,132.539993,122.480698,45596000
5/26/2015,132.600006,132.910004,129.119995,129.619995,119.782288,70697600
5/27/2015,130.339996,132.259995,130.050003,132.039993,122.018639,45833200
5/28/2015,131.860001,131.949997,131.100006,131.779999,121.778351,30733300
5/29/2015,131.229996,131.449997,129.899994,130.279999,120.392212,50884500
6/1/2015,130.279999,131.389999,130.050003,130.539993,120.632462,32112800
6/2/2015,129.860001,130.660004,129.320007,129.960007,120.096481,33667600
6/3/2015,130.660004,130.940002,129.899994,130.119995,120.244347,30983500
6/4/2015,129.580002,130.580002,128.910004,129.360001,119.542023,38450100
6/5/2015,129.5,129.690002,128.360001,128.649994,118.88591,35626800
6/8/2015,128.899994,129.210007,126.830002,127.800003,118.100426,52674800
6/9/2015,126.699997,128.080002,125.620003,127.419998,117.74926,56075400
6/10/2015,127.919998,129.339996,127.849998,128.880005,119.098442,39087300
6/11/2015,129.179993,130.179993,128.479996,128.589996,118.830467,35390900
6/12/2015,128.190002,128.330002,127.110001,127.169998,117.518242,36886200
6/15/2015,126.099998,127.239998,125.709999,126.919998,117.287209,43988900
6/16/2015,127.029999,127.849998,126.370003,127.599998,117.915596,31494100
6/17/2015,127.720001,127.879997,126.739998,127.300003,117.638382,32918100
6/18/2015,127.230003,128.309998,127.220001,127.879997,118.174355,35407200
6/19/2015,127.709999,127.82,126.400002,126.599998,116.991508,54716900
6/22/2015,127.489998,128.059998,127.080002,127.610001,117.92485,34039300
6/23/2015,127.480003,127.610001,126.879997,127.029999,117.38887,30268900
6/24/2015,127.209999,129.800003,127.120003,128.110001,118.386902,55280900
6/25/2015,128.860001,129.199997,127.5,127.5,117.823212,31938100
6/26/2015,127.669998,127.989998,126.510002,126.75,117.130112,44066800
6/29/2015,125.459999,126.470001,124.480003,124.529999,115.078606,49161400
6/30/2015,125.57,126.120003,124.860001,125.43,115.910301,44370700
7/1/2015,126.900002,126.940002,125.989998,126.599998,116.991508,30238800
7/2/2015,126.43,126.690002,125.769997,126.440002,116.843628,27211000
7/6/2015,124.940002,126.230003,124.849998,126,116.437035,28060400
7/7/2015,125.889999,126.150002,123.769997,125.690002,116.150574,46946800
7/8/2015,124.480003,124.639999,122.540001,122.57,113.267365,60761600
7/9/2015,123.849998,124.059998,119.220001,120.07,110.957115,78595000
7/10/2015,121.940002,123.849998,121.209999,123.279999,113.92347,61354500
7/13/2015,125.029999,125.760002,124.32,125.660004,116.122849,41440500
7/14/2015,126.040001,126.370003,125.040001,125.610001,116.076622,31768100
7/15/2015,125.720001,127.150002,125.580002,126.82,117.194809,33649200
7/16/2015,127.739998,128.570007,127.349998,128.509995,118.756546,36222400
7/17/2015,129.080002,129.619995,128.309998,129.619995,119.782288,46164700
7/20/2015,130.970001,132.970001,130.699997,132.070007,122.046364,58900200
7/21/2015,132.850006,132.919998,130.320007,130.75,120.826538,76756400
7/22/2015,121.989998,125.5,121.989998,125.220001,115.716232,115450600
7/23/2015,126.199997,127.089996,125.059998,125.160004,115.660782,50999500
7/24/2015,125.32,125.739998,123.900002,124.5,115.050888,42162300
7/27/2015,123.089996,123.610001,122.120003,122.769997,113.452171,44455500
7/28/2015,123.379997,123.910004,122.550003,123.379997,114.015884,33618100
7/29/2015,123.150002,123.5,122.269997,122.989998,113.655472,37011700
7/30/2015,122.32,122.57,121.709999,122.370003,113.082558,33628300
7/31/2015,122.599998,122.639999,120.910004,121.300003,112.09375,42885000
8/3/2015,121.5,122.57,117.519997,118.440002,109.450813,69976000
8/4/2015,117.419998,117.699997,113.25,114.639999,105.939217,124138600
8/5/2015,112.949997,117.440002,112.099998,115.400002,106.641548,99312600
8/6/2015,115.970001,116.5,114.120003,115.129997,106.873604,52903000
8/7/2015,114.580002,116.25,114.5,115.519997,107.235649,38670400
8/10/2015,116.529999,119.989998,116.529999,119.720001,111.134445,54951600
8/11/2015,117.809998,118.18,113.330002,113.489998,105.351234,97082800
8/12/2015,112.529999,115.419998,109.629997,115.239998,106.975708,101217500
8/13/2015,116.040001,116.400002,114.540001,115.150002,106.892189,48535800
8/14/2015,114.32,116.309998,114.010002,115.959999,107.644073,42929500
8/17/2015,116.040001,117.650002,115.5,117.160004,108.758026,40884700
8/18/2015,116.43,117.440002,116.010002,116.5,108.145378,34560700
8/19/2015,116.099998,116.519997,114.68,115.010002,106.762238,48286500
8/20/2015,114.080002,114.349998,111.629997,112.650002,104.571457,68501600
8/21/2015,110.43,111.900002,105.650002,105.760002,98.175545,128275500
8/24/2015,94.870003,108.800003,92,103.120003,95.724899,162206300
8/25/2015,111.110001,111.110001,103.5,103.739998,96.300423,103601600
8/26/2015,107.089996,109.889999,105.050003,109.690002,101.82373,96774600
8/27/2015,112.230003,113.239998,110.019997,112.919998,104.822113,84616100
8/28/2015,112.169998,113.309998,111.540001,113.290001,105.165558,53164400
8/31/2015,112.029999,114.529999,112,112.760002,104.673584,56229300
9/1/2015,110.150002,111.879997,107.360001,107.720001,99.995018,76845900
9/2/2015,110.230003,112.339996,109.129997,112.339996,104.283691,61888800
9/3/2015,112.489998,112.779999,110.040001,110.370003,102.454964,53233900
9/4/2015,108.970001,110.449997,108.510002,109.269997,101.433853,49996300
9/8/2015,111.75,112.559998,110.32,112.309998,104.255844,54843600
9/9/2015,113.760002,114.019997,109.769997,110.150002,102.250748,85010800
9/10/2015,110.269997,113.279999,109.900002,112.57,104.497192,62892800
9/11/2015,111.790001,114.209999,111.760002,114.209999,106.019585,49915500
9/14/2015,116.580002,116.889999,114.860001,115.309998,107.040688,58363400
9/15/2015,115.93,116.529999,114.419998,116.279999,107.941147,43341200
9/16/2015,116.25,116.540001,115.440002,116.410004,108.061813,37173500
9/17/2015,115.660004,116.489998,113.720001,113.919998,105.750381,64112600
9/18/2015,112.209999,114.300003,111.870003,113.449997,105.314087,74285300
9/21/2015,113.669998,115.370003,113.660004,115.209999,106.947884,50222000
9/22/2015,113.379997,114.18,112.519997,113.400002,105.267685,50346200
9/23/2015,113.629997,114.720001,113.300003,114.32,106.121704,35756700
9/24/2015,113.25,115.5,112.370003,115,106.75293,50219500
9/25/2015,116.440002,116.690002,114.019997,114.709999,106.483727,56151900
9/28/2015,113.849998,114.57,112.440002,112.440002,104.376534,52109000
9/29/2015,112.830002,113.510002,107.860001,109.059998,101.238914,73365400
9/30/2015,110.169998,111.540001,108.730003,110.300003,102.389992,66473000
10/1/2015,109.07,109.620003,107.309998,109.580002,101.721626,63929100
10/2/2015,108.010002,111.010002,107.550003,110.379997,102.464249,58019800
10/5/2015,109.879997,111.370003,109.07,110.779999,102.835571,52064700
10/6/2015,110.629997,111.739998,109.769997,111.309998,103.327553,48196800
10/7/2015,111.739998,111.769997,109.410004,110.779999,102.835571,46765600
10/8/2015,110.190002,110.190002,108.209999,109.5,101.647354,61979600
10/9/2015,110,112.279999,109.489998,112.120003,104.079475,52766100
10/12/2015,112.730003,112.75,111.440002,111.599998,103.596771,30467200
10/13/2015,110.82,112.449997,110.68,111.790001,103.773125,33049300
10/14/2015,111.290001,111.519997,109.559998,110.209999,102.306442,44462400
10/15/2015,110.93,112.099998,110.489998,111.860001,103.83812,37673500
10/16/2015,111.779999,112,110.529999,111.040001,103.07692,39232600
10/19/2015,110.800003,111.75,110.110001,111.730003,103.717438,29759200
10/20/2015,111.339996,114.169998,110.82,113.769997,105.611145,48967800
10/21/2015,114,115.580002,113.699997,113.760002,105.601868,41795200
10/22/2015,114.330002,115.5,114.099998,115.5,107.217094,41654100
10/23/2015,116.699997,119.230003,116.330002,119.080002,110.540344,59366900
10/26/2015,118.080002,118.129997,114.919998,115.279999,107.01284,66333800
10/27/2015,115.400002,116.540001,113.989998,114.550003,106.335205,69884400
10/28/2015,116.93,119.300003,116.059998,119.269997,110.716713,85551400
10/29/2015,118.699997,120.690002,118.269997,120.529999,111.886345,51227300
10/30/2015,120.989998,121.220001,119.449997,119.5,110.930237,49365300
11/2/2015,120.800003,121.360001,119.610001,121.18,112.489754,32203300
11/3/2015,120.790001,123.489998,120.699997,122.57,113.780052,45519000
11/4/2015,123.129997,123.82,121.620003,122,113.250931,44886100
11/5/2015,121.849998,122.690002,120.18,120.919998,112.728874,39552700
11/6/2015,121.110001,121.809998,120.620003,121.059998,112.85939,33042300
11/9/2015,120.959999,121.809998,120.050003,120.57,112.402588,33871400
11/10/2015,116.900002,118.07,116.059998,116.769997,108.859993,59127900
11/11/2015,116.370003,117.419998,115.209999,116.110001,108.24469,45218000
11/12/2015,116.260002,116.82,115.650002,115.720001,107.881104,32525600
11/13/2015,115.199997,115.57,112.269997,112.339996,104.730087,45812400
11/16/2015,111.379997,114.239998,111,114.18,106.445442,38106700
11/17/2015,114.919998,115.050003,113.32,113.690002,105.988625,27616900
11/18/2015,115.760002,117.489998,115.5,117.290001,109.344765,46674700
11/19/2015,117.639999,119.75,116.760002,118.779999,110.733826,43295800
11/20/2015,119.199997,119.919998,118.849998,119.300003,111.218613,34287100
11/23/2015,119.269997,119.730003,117.339996,117.75,109.773605,32482500
11/24/2015,117.330002,119.349998,117.120003,118.879997,110.827065,42803200
11/25/2015,119.209999,119.230003,117.919998,118.029999,110.034622,21388300
11/27/2015,118.290001,118.410004,117.599998,117.809998,109.829536,13046400
11/30/2015,117.989998,119.410004,117.75,118.300003,110.286354,39180300
12/1/2015,118.75,118.809998,116.860001,117.339996,109.39138,34852400
12/2/2015,117.339996,118.110001,116.080002,116.279999,108.403198,33386600
12/3/2015,116.550003,116.790001,114.220001,115.199997,107.396332,41569500
12/4/2015,115.290001,119.25,115.110001,119.029999,110.966904,57777000
12/7/2015,118.980003,119.860001,117.809998,118.279999,110.267715,32084200
12/8/2015,117.519997,118.599998,116.860001,118.230003,110.221092,34309500
12/9/2015,117.639999,117.690002,115.080002,115.620003,107.787888,46361400
12/10/2015,116.040001,116.940002,115.510002,116.169998,108.300644,29212700
12/11/2015,115.190002,115.389999,112.849998,113.18,105.513168,46886200
12/14/2015,112.18,112.68,109.790001,112.480003,104.860588,64318700
12/15/2015,111.940002,112.800003,110.349998,110.489998,103.005409,53323100
12/16/2015,111.07,111.989998,108.800003,111.339996,103.797813,56238500
12/17/2015,112.019997,112.25,108.980003,108.980003,101.597687,44772800
12/18/2015,108.910004,109.519997,105.809998,106.029999,98.847519,96453300
12/21/2015,107.279999,107.370003,105.57,107.330002,100.059456,47590600
12/22/2015,107.400002,107.720001,106.449997,107.230003,99.966232,32789400
12/23/2015,107.269997,108.849998,107.199997,108.610001,101.252747,32657400
12/24/2015,109,109,107.949997,108.029999,100.712036,13570400
12/28/2015,107.589996,107.690002,106.18,106.82,99.584007,26704200
12/29/2015,106.959999,109.43,106.860001,108.739998,101.37394,30931200
12/30/2015,108.580002,108.699997,107.18,107.32,100.050133,25213800
12/31/2015,107.010002,107.029999,104.82,105.260002,98.129669,40912300
1/4/2016,102.610001,105.370003,102,105.349998,98.213585,67649400
1/5/2016,105.75,105.849998,102.410004,102.709999,95.752419,55791000
1/6/2016,100.559998,102.370003,99.870003,100.699997,93.878586,68457400
1/7/2016,98.68,100.129997,96.43,96.449997,89.916473,81094400
1/8/2016,98.550003,99.110001,96.760002,96.959999,90.391907,70798000
1/11/2016,98.970001,99.059998,97.339996,98.529999,91.855568,49739400
1/12/2016,100.550003,100.690002,98.839996,99.959999,93.188705,49154200
1/13/2016,100.32,101.190002,97.300003,97.389999,90.792793,62439600
1/14/2016,97.959999,100.480003,95.739998,99.519997,92.778496,63170100
1/15/2016,96.199997,97.709999,95.360001,97.129997,90.550415,79833900
1/19/2016,98.410004,98.650002,95.5,96.660004,90.112251,53087700
1/20/2016,95.099998,98.190002,93.419998,96.790001,90.233437,72334400
1/21/2016,97.059998,97.879997,94.940002,96.300003,89.776627,52161500
1/22/2016,98.629997,101.459999,98.370003,101.419998,94.549812,65800500
1/25/2016,101.519997,101.529999,99.209999,99.440002,92.703934,51794500
1/26/2016,99.93,100.879997,98.07,99.989998,93.21666,75077000
1/27/2016,96.040001,96.629997,93.339996,93.419998,87.091728,133369700
1/28/2016,93.790001,94.519997,92.389999,94.089996,87.716331,55678800
1/29/2016,94.790001,97.339996,94.349998,97.339996,90.746178,64416500
2/1/2016,96.470001,96.709999,95.400002,96.43,89.897827,40943500
2/2/2016,95.419998,96.040001,94.279999,94.480003,88.079926,37357200
2/3/2016,95,96.839996,94.080002,96.349998,89.823242,45964300
2/4/2016,95.860001,97.330002,95.190002,96.599998,90.544991,46471700
2/5/2016,96.519997,96.919998,93.690002,94.019997,88.126694,46418100
2/8/2016,93.129997,95.699997,93.040001,95.010002,89.054657,54021400
2/9/2016,94.290001,95.940002,93.93,94.989998,89.035904,44331200
2/10/2016,95.919998,96.349998,94.099998,94.269997,88.361023,42343600
2/11/2016,93.790001,94.720001,92.589996,93.699997,87.826744,50074700
2/12/2016,94.190002,94.5,93.010002,93.989998,88.098572,40351400
2/16/2016,95.019997,96.849998,94.610001,96.639999,90.582466,49057900
2/17/2016,96.669998,98.209999,96.150002,98.120003,91.969711,44863200
2/18/2016,98.839996,98.889999,96.089996,96.260002,90.226288,39021000
2/19/2016,96,96.760002,95.800003,96.040001,90.020073,35374200
2/22/2016,96.309998,96.900002,95.919998,96.879997,90.807411,34280800
2/23/2016,96.400002,96.5,94.550003,94.690002,88.754677,31942600
2/24/2016,93.980003,96.379997,93.32,96.099998,90.076309,36255700
2/25/2016,96.050003,96.760002,95.25,96.760002,90.694946,27582700
2/26/2016,97.199997,98.019997,96.580002,96.910004,90.835548,28991100
2/29/2016,96.860001,98.230003,96.650002,96.690002,90.629341,35216300
3/1/2016,97.650002,100.769997,97.419998,100.529999,94.228645,50407100
3/2/2016,100.510002,100.889999,99.639999,100.75,94.434853,33169600
3/3/2016,100.580002,101.709999,100.449997,101.5,95.137848,36955700
3/4/2016,102.370003,103.75,101.370003,103.010002,96.553185,46055100
3/7/2016,102.389999,102.830002,100.959999,101.870003,95.484657,35828900
3/8/2016,100.779999,101.760002,100.400002,101.029999,94.697304,31561900
3/9/2016,101.309998,101.580002,100.269997,101.120003,94.781654,27201700
3/10/2016,101.410004,102.239998,100.150002,101.169998,94.828529,33513600
3/11/2016,102.239998,102.279999,101.5,102.260002,95.850197,27408200
3/14/2016,101.910004,102.910004,101.779999,102.519997,96.09391,25076100
3/15/2016,103.959999,105.18,103.849998,104.580002,98.02478,40067700
3/16/2016,104.610001,106.309998,104.589996,105.970001,99.32766,38303500
3/17/2016,105.519997,106.470001,104.959999,105.800003,99.168297,34420700
3/18/2016,106.339996,106.5,105.190002,105.919998,99.280777,44205200
3/21/2016,105.93,107.650002,105.139999,105.910004,99.271408,35502700
3/22/2016,105.25,107.290001,105.209999,106.720001,100.030655,32444400
3/23/2016,106.480003,107.07,105.900002,106.129997,99.477623,25703500
3/24/2016,105.470001,106.25,104.889999,105.669998,99.046455,26133000
3/28/2016,106,106.190002,105.059998,105.190002,98.59655,19411400
3/29/2016,104.889999,107.790001,104.879997,107.68,100.930466,31190100
3/30/2016,108.650002,110.419998,108.599998,109.559998,102.692619,45601100
3/31/2016,109.720001,109.900002,108.879997,108.989998,102.158356,25888400
4/1/2016,108.779999,110,108.199997,109.989998,103.095665,25874000
4/4/2016,110.419998,112.190002,110.269997,111.120003,104.154839,37356200
4/5/2016,109.510002,110.730003,109.419998,109.809998,102.926964,26578700
4/6/2016,110.230003,110.980003,109.199997,110.959999,104.00486,26404100
4/7/2016,109.949997,110.419998,108.120003,108.540001,101.736557,31801900
4/8/2016,108.910004,109.769997,108.169998,108.660004,101.849045,23581700
4/11/2016,108.970001,110.610001,108.830002,109.019997,102.18647,29407500
4/12/2016,109.339996,110.5,108.660004,110.440002,103.517471,27232300
4/13/2016,110.800003,112.339996,110.800003,112.040001,105.017174,33257300
4/14/2016,111.620003,112.389999,111.330002,112.099998,105.07341,25473900
4/15/2016,112.110001,112.300003,109.730003,109.849998,102.964447,46939000
4/18/2016,108.889999,108.949997,106.940002,107.480003,100.742996,60821500
4/19/2016,107.879997,108,106.230003,106.910004,100.20874,32384900
4/20/2016,106.639999,108.089996,106.059998,107.129997,100.414948,30611000
4/21/2016,106.93,106.93,105.519997,105.970001,99.32766,31552500
4/22/2016,105.010002,106.480003,104.620003,105.68,99.055832,33683100
4/25/2016,105,105.650002,104.510002,105.080002,98.493446,28031600
4/26/2016,103.910004,105.300003,103.910004,104.349998,97.809196,56016200
4/27/2016,96,98.709999,95.68,97.82,91.688515,114602100
4/28/2016,97.610001,97.879997,94.25,94.830002,88.885933,82242700
4/29/2016,93.989998,94.720001,92.510002,93.739998,87.864235,68531500
5/2/2016,93.970001,94.080002,92.400002,93.639999,87.770515,48160100
5/3/2016,94.199997,95.739998,93.68,95.18,89.213974,56831300
5/4/2016,95.199997,95.900002,93.82,94.190002,88.286034,41025500
5/5/2016,94,94.07,92.68,93.239998,87.927696,35890500
5/6/2016,93.370003,93.449997,91.849998,92.720001,87.437325,43699900
5/9/2016,93,93.769997,92.589996,92.790001,87.503319,32936400
5/10/2016,93.330002,93.57,92.110001,93.419998,88.097427,33686800
5/11/2016,93.480003,93.57,92.459999,92.510002,87.239273,28719100
5/12/2016,92.720001,92.779999,89.470001,90.339996,85.192909,76314700
5/13/2016,90,91.669998,90,90.519997,85.362656,44392800
5/16/2016,92.389999,94.389999,91.650002,93.879997,88.531227,61259800
5/17/2016,94.550003,94.699997,93.010002,93.489998,88.163445,46916900
5/18/2016,94.160004,95.209999,93.889999,94.559998,89.172478,42062400
5/19/2016,94.639999,94.639999,93.57,94.199997,88.832985,30442100
5/20/2016,94.639999,95.43,94.519997,95.220001,89.794868,32026000
5/23/2016,95.870003,97.190002,95.669998,96.43,90.935936,38018600
5/24/2016,97.220001,98.089996,96.839996,97.900002,92.322189,35140200
5/25/2016,98.669998,99.739998,98.110001,99.620003,93.944206,38168800
5/26/2016,99.68,100.730003,98.639999,100.410004,94.689178,56331200
5/27/2016,99.440002,100.470001,99.25,100.349998,94.632599,36341200
5/31/2016,99.599998,100.400002,98.82,99.860001,94.170525,42307200
6/1/2016,99.019997,99.540001,98.330002,98.459999,92.850273,29173300
6/2/2016,97.599998,97.839996,96.629997,97.720001,92.152458,40191600
6/3/2016,97.790001,98.269997,97.449997,97.919998,92.341049,28504900
6/6/2016,97.989998,101.889999,97.550003,98.629997,93.01059,23292500
6/7/2016,99.25,99.870003,98.959999,99.029999,93.38781,22409500
6/8/2016,99.019997,99.559998,98.68,98.940002,93.302933,20848100
6/9/2016,98.5,99.989998,98.459999,99.650002,93.972481,26601400
6/10/2016,98.529999,99.349998,98.480003,98.830002,93.199211,31712900
6/13/2016,98.690002,99.120003,97.099998,97.339996,91.794083,38020500
6/14/2016,97.32,98.480003,96.75,97.459999,91.907257,31931900
6/15/2016,97.82,98.410004,97.029999,97.139999,91.605484,29445200
6/16/2016,96.449997,97.75,96.07,97.550003,91.992149,31326800
6/17/2016,96.620003,96.650002,95.300003,95.330002,89.898605,61008200
6/20/2016,96,96.57,95.029999,95.099998,89.681717,34411900
6/21/2016,94.940002,96.349998,94.68,95.910004,90.445557,35546400
6/22/2016,96.25,96.889999,95.349998,95.550003,90.106094,29219100
6/23/2016,95.940002,96.290001,95.25,96.099998,90.624741,32240200
6/24/2016,92.910004,94.660004,92.650002,93.400002,88.078583,75311400
6/27/2016,93,93.050003,91.5,92.040001,86.796043,45489600
6/28/2016,92.900002,93.660004,92.139999,93.589996,88.257751,40444900
6/29/2016,93.970001,94.550003,93.629997,94.400002,89.021591,36531000
6/30/2016,94.440002,95.769997,94.300003,95.599998,90.153221,35836400
7/1/2016,95.489998,96.470001,95.330002,95.889999,90.426697,26026500
7/5/2016,95.389999,95.400002,94.459999,94.989998,89.577995,27705200
7/6/2016,94.599998,95.660004,94.370003,95.529999,90.087227,30949100
7/7/2016,95.699997,96.5,95.620003,95.940002,90.473869,25139600
7/8/2016,96.489998,96.889999,96.050003,96.68,91.171707,28912100
7/11/2016,96.75,97.650002,96.730003,96.980003,91.454613,23794900
7/12/2016,97.169998,97.699997,97.120003,97.419998,91.869545,24167500
7/13/2016,97.410004,97.669998,96.839996,96.870003,91.350861,25892200
7/14/2016,97.389999,98.989998,97.32,98.790001,93.161491,38919000
7/15/2016,98.919998,99.300003,98.5,98.779999,93.152061,30137000
7/18/2016,98.699997,100.129997,98.599998,99.830002,94.142235,36493900
7/19/2016,99.559998,100,99.339996,99.870003,94.179955,23779900
7/20/2016,100,100.459999,99.739998,99.959999,94.264832,26276000
7/21/2016,99.830002,101,99.129997,99.43,93.76503,32702000
7/22/2016,99.260002,99.300003,98.309998,98.660004,93.038895,28313700
7/25/2016,98.25,98.839996,96.919998,97.339996,91.794083,40382900
7/26/2016,96.82,97.970001,96.419998,96.669998,91.16227,56239800
7/27/2016,104.269997,104.349998,102.75,102.949997,97.084442,92344800
7/28/2016,102.830002,104.449997,102.82,104.339996,98.395256,39869800
7/29/2016,104.190002,104.550003,103.68,104.209999,98.272682,27733700
8/1/2016,104.410004,106.150002,104.410004,106.050003,100.007835,38167900
8/2/2016,106.050003,106.07,104,104.480003,98.527306,33816600
8/3/2016,104.809998,105.839996,104.769997,105.790001,99.762665,30202600
8/4/2016,105.580002,106,105.279999,105.870003,100.378944,27408700
8/5/2016,106.269997,107.650002,106.18,107.480003,101.905434,40553400
8/8/2016,107.519997,108.370003,107.160004,108.370003,102.749283,28037200
8/9/2016,108.230003,108.940002,108.010002,108.809998,103.166451,26315200
8/10/2016,108.709999,108.900002,107.760002,108,102.398483,24008500
8/11/2016,108.519997,108.93,107.849998,107.93,102.3321,27484500
8/12/2016,107.779999,108.440002,107.779999,108.18,102.569138,18660400
8/15/2016,108.139999,109.540001,108.080002,109.480003,103.801735,25868200
8/16/2016,109.629997,110.230003,109.209999,109.379997,103.706894,33794400
8/17/2016,109.099998,109.370003,108.339996,109.220001,103.555183,25356000
8/18/2016,109.230003,109.599998,109.019997,109.080002,103.422455,21984700
8/19/2016,108.769997,109.690002,108.360001,109.360001,103.687935,25368100
8/22/2016,108.860001,109.099998,107.849998,108.510002,102.882019,25820200
8/23/2016,108.589996,109.32,108.529999,108.849998,103.204376,21257700
8/24/2016,108.57,108.75,107.68,108.029999,102.42691,23675100
8/25/2016,107.389999,107.879997,106.68,107.57,101.990784,25086200
8/26/2016,107.410004,107.949997,106.309998,106.940002,101.393433,27766300
8/29/2016,106.620003,107.440002,106.290001,106.82,101.279671,24970300
8/30/2016,105.800003,106.5,105.5,106,100.502213,24863900
8/31/2016,105.660004,106.57,105.639999,106.099998,100.597023,29662400
9/1/2016,106.139999,106.800003,105.620003,106.730003,101.194344,26701500
9/2/2016,107.699997,108,106.82,107.730003,102.142479,26802500
9/6/2016,107.900002,108.300003,107.510002,107.699997,102.114029,26880400
9/7/2016,107.830002,108.760002,107.07,108.360001,102.739792,42364300
9/8/2016,107.25,107.269997,105.239998,105.519997,100.047104,53002000
9/9/2016,104.639999,105.720001,103.129997,103.129997,97.781059,46557000
9/12/2016,102.650002,105.720001,102.529999,105.440002,99.971252,45292800
9/13/2016,107.510002,108.790001,107.239998,107.949997,102.351059,62176200
9/14/2016,108.730003,113.029999,108.599998,111.769997,105.972939,110888700
9/15/2016,113.860001,115.730003,113.489998,115.57,109.575851,89983600
9/16/2016,115.120003,116.129997,114.040001,114.919998,108.959564,79886900
9/19/2016,115.190002,116.18,113.25,113.580002,107.689056,47023000
9/20/2016,113.050003,114.120003,112.510002,113.57,107.679581,34514300
9/21/2016,113.849998,113.989998,112.440002,113.550003,107.660614,36003200
9/22/2016,114.349998,114.940002,114,114.620003,108.675133,31074000
9/23/2016,114.419998,114.790001,111.550003,112.709999,106.864174,52481200
9/26/2016,111.639999,113.389999,111.550003,112.879997,107.025368,29869400
9/27/2016,113,113.18,112.339996,113.089996,107.22448,24607400
9/28/2016,113.690002,114.639999,113.43,113.949997,108.039864,29641100
9/29/2016,113.160004,113.800003,111.800003,112.18,106.361687,35887000
9/30/2016,112.459999,113.370003,111.800003,113.050003,107.186554,36379100
10/3/2016,112.709999,113.050003,112.279999,112.519997,106.684036,21701800
10/4/2016,113.059998,114.309998,112.629997,113,107.139137,29736800
10/5/2016,113.400002,113.660004,112.690002,113.050003,107.186554,21453100
10/6/2016,113.699997,114.339996,113.129997,113.889999,107.982986,28779300
10/7/2016,114.309998,114.559998,113.510002,114.059998,108.144157,24358400
10/10/2016,115.019997,116.75,114.720001,116.050003,110.030952,36236000
10/11/2016,117.699997,118.690002,116.199997,116.300003,110.267975,64041000
10/12/2016,117.349998,117.980003,116.75,117.339996,111.254036,37586800
10/13/2016,116.790001,117.440002,115.720001,116.980003,110.91272,35192400
10/14/2016,117.879997,118.169998,117.129997,117.629997,111.528984,35652200
10/17/2016,117.330002,117.839996,116.779999,117.550003,111.453133,23624900
10/18/2016,118.18,118.209999,117.449997,117.470001,111.377304,24553500
10/19/2016,117.25,117.760002,113.800003,117.120003,111.045448,20034600
10/20/2016,116.860001,117.379997,116.330002,117.059998,110.988579,24125800
10/21/2016,116.809998,116.910004,116.279999,116.599998,110.552422,23192700
10/24/2016,117.099998,117.739998,117,117.650002,111.547951,23538700
10/25/2016,117.949997,118.360001,117.309998,118.25,112.116829,48129000
10/26/2016,114.309998,115.699997,113.309998,115.589996,109.594803,66134200
10/27/2016,115.389999,115.860001,114.099998,114.480003,108.542366,34562000
10/28/2016,113.870003,115.209999,113.449997,113.720001,107.821785,37861700
10/31/2016,113.650002,114.230003,113.199997,113.540001,107.651123,26419400
11/1/2016,113.459999,113.769997,110.529999,111.489998,105.707443,43825800
11/2/2016,111.400002,112.349998,111.230003,111.589996,105.802261,28331700
11/3/2016,110.980003,111.459999,109.550003,109.830002,104.668221,26932600
11/4/2016,108.529999,110.25,108.110001,108.839996,103.724724,30837000
11/7/2016,110.080002,110.510002,109.459999,110.410004,105.220932,32560000
11/8/2016,110.309998,111.720001,109.699997,111.059998,105.840378,24254200
11/9/2016,109.879997,111.32,108.050003,110.879997,105.668861,59176400
11/10/2016,111.089996,111.089996,105.830002,107.790001,102.724083,57134500
11/11/2016,107.120003,108.870003,106.550003,108.43,103.334007,34143900
11/14/2016,107.709999,107.809998,104.080002,105.709999,100.741837,51175500
11/15/2016,106.57,107.68,106.160004,107.110001,102.07605,32264500
11/16/2016,106.699997,110.230003,106.599998,109.989998,104.820671,58840500
11/17/2016,109.809998,110.349998,108.830002,109.949997,104.782547,27632000
11/18/2016,109.720001,110.540001,109.660004,110.059998,104.887405,28428900
11/21/2016,110.120003,111.989998,110.010002,111.730003,106.478912,29264600
11/22/2016,111.949997,112.419998,111.400002,111.800003,106.545609,25965500
11/23/2016,111.360001,111.510002,110.330002,111.230003,106.002403,27426400
11/25/2016,111.129997,111.870003,110.949997,111.790001,106.536087,11475900
11/28/2016,111.43,112.470001,111.389999,111.57,106.326416,27194000
11/29/2016,110.779999,112.029999,110.07,111.459999,106.221603,28528800
11/30/2016,111.599998,112.199997,110.269997,110.519997,105.325768,36162300
12/1/2016,110.370003,110.940002,109.029999,109.489998,104.344177,37086900
12/2/2016,109.169998,110.089996,108.849998,109.900002,104.734901,26528000
12/5/2016,110,110.029999,108.25,109.110001,103.982048,34324500
12/6/2016,109.5,110.360001,109.190002,109.949997,104.782547,26195500
12/7/2016,109.260002,111.190002,109.160004,111.029999,105.811821,29998700
12/8/2016,110.860001,112.43,110.599998,112.120003,106.850578,27068300
12/9/2016,112.309998,114.699997,112.309998,113.949997,108.594566,34402600
12/12/2016,113.290001,115,112.489998,113.300003,107.975121,26374400
12/13/2016,113.839996,115.919998,113.75,115.190002,109.776306,43733800
12/14/2016,115.040001,116.199997,114.980003,115.190002,109.776306,34031800
12/15/2016,115.379997,116.730003,115.230003,115.82,110.376678,46524500
12/16/2016,116.470001,116.5,115.650002,115.970001,110.51963,44351100
12/19/2016,115.800003,117.379997,115.75,116.639999,111.15815,27779400
12/20/2016,116.739998,117.5,116.68,116.949997,111.453575,21425000
12/21/2016,116.800003,117.400002,116.779999,117.059998,111.558411,23783200
12/22/2016,116.349998,116.510002,115.639999,116.290001,110.824593,26085900
12/23/2016,115.589996,116.519997,115.589996,116.519997,111.043777,14249500
12/27/2016,116.519997,117.800003,116.489998,117.260002,111.749001,18296900
12/28/2016,117.519997,118.019997,116.199997,116.760002,111.272507,20905900
12/29/2016,116.449997,117.110001,116.400002,116.730003,111.243919,15039500
12/30/2016,116.650002,117.199997,115.43,115.82,110.376678,30586300
1/3/2017,115.800003,116.330002,114.760002,116.150002,110.691154,28781900
1/4/2017,115.849998,116.510002,115.75,116.019997,110.567276,21118100
1/5/2017,115.919998,116.860001,115.809998,116.610001,111.129562,22193600
1/6/2017,116.779999,118.160004,116.470001,117.910004,112.368469,31751900
1/9/2017,117.949997,119.43,117.940002,118.989998,113.397697,33561900
1/10/2017,118.769997,119.379997,118.300003,119.110001,113.51207,24462100
1/11/2017,118.739998,119.93,118.599998,119.75,114.121986,27588600
1/12/2017,118.900002,119.300003,118.209999,119.25,113.645454,27086200
1/13/2017,119.110001,119.620003,118.809998,119.040001,113.445343,26111900
1/17/2017,118.339996,120.239998,118.220001,120,114.360237,34439800
1/18/2017,120,120.5,119.709999,119.989998,114.350693,23713000
1/19/2017,119.400002,120.089996,119.370003,119.779999,114.150558,25597300
1/20/2017,120.449997,120.449997,119.730003,120,114.360237,32597900
1/23/2017,120,120.809998,119.769997,120.080002,114.436478,22050200
1/24/2017,119.550003,120.099998,119.5,119.970001,114.33165,23211000
1/25/2017,120.419998,122.099998,120.279999,121.879997,116.151878,32377600
1/26/2017,121.669998,122.440002,121.599998,121.940002,116.209045,26337600
1/27/2017,122.139999,122.349998,121.599998,121.949997,116.218582,20562900
1/30/2017,120.93,121.629997,120.660004,121.629997,115.913605,30377500
1/31/2017,121.150002,121.389999,120.620003,121.349998,115.646774,49201000
2/1/2017,127.029999,130.490005,127.010002,128.75,122.69899,111985000
2/2/2017,127.980003,129.389999,127.779999,128.529999,122.489342,33710400
2/3/2017,128.309998,129.190002,128.160004,129.080002,123.013496,24507300
2/6/2017,129.130005,130.5,128.899994,130.289993,124.166626,26845900
2/7/2017,130.539993,132.089996,130.449997,131.529999,125.348328,38183800
2/8/2017,131.350006,132.220001,131.220001,132.039993,125.834366,23004100
2/9/2017,131.649994,132.449997,131.119995,132.419998,126.743645,28349900
2/10/2017,132.460007,132.940002,132.050003,132.119995,126.45649,20065500
2/13/2017,133.080002,133.820007,132.75,133.289993,127.57634,23035400
2/14/2017,133.470001,135.089996,133.25,135.020004,129.232193,33226200
2/15/2017,135.520004,136.270004,134.619995,135.509995,129.701187,35623100
2/16/2017,135.669998,135.899994,134.839996,135.350006,129.54805,22584600
2/17/2017,135.100006,135.830002,135.100006,135.720001,129.902206,22198200
2/21/2017,136.229996,136.75,135.979996,136.699997,130.84021,24507200
2/22/2017,136.429993,137.119995,136.110001,137.110001,131.232605,20836900
2/23/2017,137.380005,137.479996,136.300003,136.529999,130.67746,20788200
2/24/2017,135.910004,136.660004,135.279999,136.660004,130.801926,21776600
2/27/2017,137.139999,137.440002,136.279999,136.929993,131.060333,20257400
2/28/2017,137.080002,137.440002,136.699997,136.990005,131.117783,23482900
3/1/2017,137.889999,140.149994,137.600006,139.789993,133.797699,36414600
3/2/2017,140,140.279999,138.759995,138.960007,133.003311,26211000
3/3/2017,138.779999,139.830002,138.589996,139.779999,133.788147,21108100
3/6/2017,139.369995,139.770004,138.600006,139.339996,133.367004,21750000
3/7/2017,139.059998,139.979996,138.789993,139.520004,133.539307,17446300
3/8/2017,138.949997,139.800003,138.820007,139,133.04158,18707200
3/9/2017,138.740005,138.789993,137.050003,138.679993,132.735291,22155900
3/10/2017,139.25,139.360001,138.639999,139.139999,133.175598,19612800
3/13/2017,138.850006,139.429993,138.820007,139.199997,133.233002,17421700
3/14/2017,139.300003,139.649994,138.839996,138.990005,133.032028,15309100
3/15/2017,139.410004,140.75,139.029999,140.460007,134.439026,25691800
3/16/2017,140.720001,141.020004,140.259995,140.690002,134.659134,19232000
3/17/2017,141,141,139.889999,139.990005,133.989166,43885000
3/20/2017,140.399994,141.5,140.229996,141.460007,135.396149,21542000
3/21/2017,142.110001,142.800003,139.729996,139.839996,133.845581,39529900
3/22/2017,139.850006,141.600006,139.759995,141.419998,135.357864,25860200
3/23/2017,141.259995,141.580002,140.610001,140.919998,134.879257,20346300
3/24/2017,141.5,141.740005,140.350006,140.639999,134.611282,22395600
3/27/2017,139.389999,141.220001,138.619995,140.880005,134.841019,23575100
3/28/2017,140.910004,144.039993,140.619995,143.800003,137.635849,33374800
3/29/2017,143.679993,144.490005,143.190002,144.119995,137.942093,29190000
3/30/2017,144.190002,144.5,143.5,143.929993,137.760239,21207300
3/31/2017,143.720001,144.270004,143.009995,143.660004,137.501846,19661700
4/3/2017,143.710007,144.119995,143.050003,143.699997,137.540146,19985700
4/4/2017,143.25,144.889999,143.169998,144.770004,138.564255,19891400
4/5/2017,144.220001,145.460007,143.809998,144.020004,137.84639,27717900
4/6/2017,144.289993,144.520004,143.449997,143.660004,137.501846,21149000
4/7/2017,143.729996,144.179993,143.270004,143.339996,137.195557,16672200
4/10/2017,143.600006,143.880005,142.899994,143.169998,137.032837,18933400
4/11/2017,142.940002,143.350006,140.059998,141.630005,135.558868,30379400
4/12/2017,141.600006,142.149994,141.009995,141.800003,135.721542,20350000
4/13/2017,141.910004,142.380005,141.050003,141.050003,135.003723,17822900
4/17/2017,141.479996,141.880005,140.869995,141.830002,135.750275,16582100
4/18/2017,141.410004,142.039993,141.110001,141.199997,135.147308,14697500
4/19/2017,141.880005,142,140.449997,140.679993,134.649567,17328400
4/20/2017,141.220001,142.919998,141.160004,142.440002,136.334137,23319600
4/21/2017,142.440002,142.679993,141.850006,142.270004,136.171432,17320900
4/24/2017,143.5,143.949997,143.179993,143.639999,137.482697,17134300
4/25/2017,143.910004,144.899994,143.869995,144.529999,138.334549,18871500
4/26/2017,144.470001,144.600006,143.380005,143.679993,137.520996,20041200
4/27/2017,143.919998,144.160004,143.309998,143.789993,137.626251,14246300
4/28/2017,144.089996,144.300003,143.270004,143.649994,137.492264,20860400
5/1/2017,145.100006,147.199997,144.960007,146.580002,140.296677,33602900
5/2/2017,147.539993,148.089996,146.839996,147.509995,141.186783,45352200
5/3/2017,145.589996,147.490005,144.270004,147.059998,140.756119,45697000
5/4/2017,146.520004,147.139999,145.809998,146.529999,140.248795,23371900
5/5/2017,146.759995,148.979996,146.759995,148.960007,142.574631,27327700
5/8/2017,149.029999,153.699997,149.029999,153.009995,146.45105,48752400
5/9/2017,153.869995,154.880005,153.449997,153.990005,147.389038,39130400
5/10/2017,153.630005,153.940002,152.110001,153.259995,146.690308,25805700
5/11/2017,152.449997,154.070007,152.309998,153.949997,147.958923,27255100
5/12/2017,154.699997,156.419998,154.669998,156.100006,150.025269,32527000
5/15/2017,156.009995,156.649994,155.050003,155.699997,149.640854,26009700
5/16/2017,155.940002,156.059998,154.720001,155.470001,149.419769,20048500
5/17/2017,153.600006,154.570007,149.710007,150.25,144.402939,50767700
5/18/2017,151.270004,153.339996,151.130005,152.539993,146.60379,33568200
5/19/2017,153.380005,153.979996,152.630005,153.059998,147.103546,26960800
5/22/2017,154,154.580002,152.910004,153.990005,147.997375,22966400
5/23/2017,154.899994,154.899994,153.309998,153.800003,147.814774,19918900
5/24/2017,153.839996,154.169998,152.669998,153.339996,147.372681,19178000
5/25/2017,153.729996,154.350006,153.029999,153.869995,147.882019,19235600
5/26/2017,154,154.240005,153.309998,153.610001,147.632202,21927600
5/30/2017,153.419998,154.429993,153.330002,153.669998,147.68985,20126900
5/31/2017,153.970001,154.169998,152.380005,152.759995,146.815247,24451200
6/1/2017,153.169998,153.330002,152.220001,153.179993,147.218903,16404100
6/2/2017,153.580002,155.449997,152.889999,155.449997,149.400574,27770700
6/5/2017,154.339996,154.449997,153.460007,153.929993,147.939713,25331700
6/6/2017,153.899994,155.809998,153.779999,154.449997,148.439484,26624900
6/7/2017,155.020004,155.979996,154.479996,155.369995,149.3237,21069600
6/8/2017,155.25,155.539993,154.399994,154.990005,148.958481,21250800
6/9/2017,155.190002,155.190002,146.020004,148.979996,143.182343,64882700
6/12/2017,145.740005,146.089996,142.509995,145.419998,139.76091,72307300
6/13/2017,147.160004,147.449997,145.149994,146.589996,140.885376,34165400
6/14/2017,147.5,147.5,143.839996,145.160004,139.511017,31531200
6/15/2017,143.320007,144.479996,142.210007,144.289993,138.674835,32165400
6/16/2017,143.779999,144.5,142.199997,142.270004,136.73349,50361100
6/19/2017,143.660004,146.740005,143.660004,146.339996,140.645081,32541400
6/20/2017,146.869995,146.869995,144.940002,145.009995,139.366852,24900100
6/21/2017,145.520004,146.070007,144.610001,145.869995,140.193375,21265800
6/22/2017,145.770004,146.699997,145.119995,145.630005,139.962753,19106300
6/23/2017,145.130005,147.160004,145.110001,146.279999,140.587418,35439400
6/26/2017,147.169998,148.279999,145.380005,145.820007,140.145325,25692400
6/27/2017,145.009995,146.160004,143.619995,143.729996,138.136642,24761900
6/28/2017,144.490005,146.110001,143.160004,145.830002,140.154953,22082400
6/29/2017,144.710007,145.130005,142.279999,143.679993,138.088608,31499400
6/30/2017,144.449997,144.960007,143.779999,144.020004,138.415375,23024100
7/3/2017,144.880005,145.300003,143.100006,143.5,137.915588,14277800
7/5/2017,143.690002,144.789993,142.720001,144.089996,138.482651,21569600
7/6/2017,143.020004,143.5,142.410004,142.729996,137.175583,24128800
7/7/2017,142.899994,144.75,142.899994,144.179993,138.569153,19201700
7/10/2017,144.110001,145.949997,143.369995,145.059998,139.414871,21090600
7/11/2017,144.729996,145.850006,144.380005,145.529999,139.866608,19781800
7/12/2017,145.869995,146.179993,144.820007,145.740005,140.068436,24884500
7/13/2017,145.5,148.490005,145.440002,147.770004,142.01947,25199400
7/14/2017,147.970001,149.330002,147.330002,149.039993,143.240021,20132100
7/17/2017,148.820007,150.899994,148.570007,149.559998,143.739761,23793500
7/18/2017,149.199997,150.130005,148.669998,150.080002,144.239548,17868800
7/19/2017,150.479996,151.419998,149.949997,151.020004,145.14296,20923000
7/20/2017,151.5,151.740005,150.190002,150.339996,144.48941,17243700
7/21/2017,149.990005,150.440002,148.880005,150.270004,144.422134,26252600
7/24/2017,150.580002,152.440002,149.899994,152.089996,146.171341,21493200
7/25/2017,151.800003,153.839996,151.800003,152.740005,146.796021,18853900
7/26/2017,153.350006,153.929993,153.059998,153.460007,147.488022,15781000
7/27/2017,153.75,153.990005,147.300003,150.559998,144.700867,32476300
7/28/2017,149.889999,150.229996,149.190002,149.5,143.682114,17213700
7/31/2017,149.899994,150.330002,148.130005,148.729996,142.942078,19845900
8/1/2017,149.100006,150.220001,148.410004,150.050003,144.210724,35368600
8/2/2017,159.279999,159.75,156.160004,157.139999,151.024796,69936800
8/3/2017,157.050003,157.210007,155.020004,155.570007,149.5159,27097300
8/4/2017,156.070007,157.399994,155.690002,156.389999,150.303986,20559900
8/7/2017,157.059998,158.919998,156.669998,158.809998,152.629822,21870300
8/8/2017,158.600006,161.830002,158.270004,160.080002,153.850388,36205900
8/9/2017,159.259995,161.270004,159.110001,161.059998,154.792236,26131500
8/10/2017,159.899994,160,154.630005,155.320007,149.861832,40804300
8/11/2017,156.600006,158.570007,156.070007,157.479996,151.945938,26257100
8/14/2017,159.320007,160.210007,158.75,159.850006,154.232635,22122700
8/15/2017,160.660004,162.199997,160.139999,161.600006,155.921127,29465500
8/16/2017,161.940002,162.509995,160.149994,160.949997,155.293991,27671600
8/17/2017,160.520004,160.710007,157.839996,157.860001,152.312561,27940600
8/18/2017,157.860001,159.5,156.720001,157.5,151.96524,27428100
8/21/2017,157.5,157.889999,155.110001,157.210007,151.685425,26368500
8/22/2017,158.229996,160,158.020004,159.779999,154.165115,21604600
8/23/2017,159.070007,160.470001,158.880005,159.979996,154.358063,19399100
8/24/2017,160.429993,160.740005,158.550003,159.270004,153.673019,19818900
8/25/2017,159.649994,160.559998,159.270004,159.860001,154.242294,25480100
8/28/2017,160.139999,162,159.929993,161.470001,155.795715,25966000
8/29/2017,160.100006,163.119995,160,162.910004,157.185104,29516900
8/30/2017,163.800003,163.889999,162.610001,163.350006,157.609665,27269600
8/31/2017,163.639999,164.520004,163.479996,164,158.236786,26785100
9/1/2017,164.800003,164.940002,163.630005,164.050003,158.285065,16591100
9/5/2017,163.75,164.25,160.559998,162.080002,156.384277,29468500
9/6/2017,162.710007,162.990005,160.520004,161.910004,156.220215,21651700
9/7/2017,162.089996,162.240005,160.360001,161.259995,155.593094,21928500
9/8/2017,160.860001,161.149994,158.529999,158.630005,153.055527,28611500
9/11/2017,160.5,162.050003,159.889999,161.5,155.824661,31580800
9/12/2017,162.610001,163.960007,158.770004,160.860001,155.207169,71714000
9/13/2017,159.869995,159.960007,157.910004,159.649994,154.039673,44907400
9/14/2017,158.990005,159.399994,158.089996,158.279999,152.717804,23760700
9/15/2017,158.470001,160.970001,158,159.880005,154.261597,49114600
9/18/2017,160.110001,160.5,158,158.669998,153.094116,28269400
9/19/2017,159.509995,159.770004,158.440002,158.729996,153.151978,20810600
9/20/2017,157.899994,158.259995,153.830002,156.070007,150.58548,52951400
9/21/2017,155.800003,155.800003,152.75,153.389999,147.999649,37511700
9/22/2017,151.539993,152.270004,150.559998,151.889999,146.552353,46645400
9/25/2017,149.990005,151.830002,149.160004,150.550003,145.25946,44387300
9/26/2017,151.779999,153.919998,151.690002,153.139999,147.758423,36660000
9/27/2017,153.800003,154.720001,153.539993,154.229996,148.81012,25504200
9/28/2017,153.889999,154.279999,152.699997,153.279999,147.893524,22005500
9/29/2017,153.210007,154.130005,152,154.119995,148.703979,26299800
10/2/2017,154.259995,154.449997,152.720001,153.809998,148.404892,18698800
10/3/2017,154.009995,155.089996,153.910004,154.479996,149.051361,16230300
10/4/2017,153.630005,153.860001,152.460007,153.479996,148.086502,20163800
10/5/2017,154.179993,155.440002,154.050003,155.389999,149.929367,21283800
10/6/2017,154.970001,155.490005,154.559998,155.300003,149.842514,17407600
10/9/2017,155.809998,156.729996,155.490005,155.839996,150.363541,16262900
10/10/2017,156.059998,158,155.100006,155.899994,150.421432,15617000
10/11/2017,155.970001,156.979996,155.75,156.550003,151.048615,16905600
10/12/2017,156.350006,157.369995,155.729996,156,150.51796,16125100
10/13/2017,156.729996,157.279999,156.410004,156.990005,151.47316,16394200
10/16/2017,157.899994,160,157.649994,159.880005,154.261597,24121500
10/17/2017,159.779999,160.869995,159.229996,160.470001,154.830856,18997300
10/18/2017,160.419998,160.710007,159.600006,159.759995,154.145813,16374200
10/19/2017,156.75,157.080002,155.020004,155.979996,150.498627,42584200
10/20/2017,156.610001,157.75,155.960007,156.25,150.75914,23974100
10/23/2017,156.889999,157.690002,155.5,156.169998,150.681976,21984300
10/24/2017,156.289993,157.419998,156.199997,157.100006,151.579269,17757200
10/25/2017,156.910004,157.550003,155.270004,156.410004,150.913528,21207100
10/26/2017,157.229996,157.830002,156.779999,157.410004,151.878357,17000500
10/27/2017,159.289993,163.600006,158.699997,163.050003,157.32016,44454200
10/30/2017,163.889999,168.070007,163.720001,166.720001,160.861237,44700800
10/31/2017,167.899994,169.649994,166.940002,169.039993,163.09967,36046800
11/1/2017,169.869995,169.940002,165.610001,166.889999,161.025253,33637800
11/2/2017,166.600006,168.5,165.279999,168.110001,162.202377,41393400
11/3/2017,174,174.259995,171.119995,172.5,166.438095,59398600
11/6/2017,172.369995,174.990005,171.720001,174.25,168.126602,35026300
11/7/2017,173.910004,175.25,173.600006,174.809998,168.666901,24361500
11/8/2017,174.660004,176.240005,174.330002,176.240005,170.046692,24409500
11/9/2017,175.110001,176.100006,173.139999,175.880005,169.699356,29482600
11/10/2017,175.110001,175.380005,174.270004,174.669998,169.13768,25145500
11/13/2017,173.5,174.5,173.399994,173.970001,168.459869,16982100
11/14/2017,173.039993,173.479996,171.179993,171.339996,165.913132,24782500
11/15/2017,169.970001,170.320007,168.380005,169.080002,163.724716,29158100
11/16/2017,171.179993,171.869995,170.300003,171.100006,165.680771,23637500
11/17/2017,171.039993,171.389999,169.639999,170.149994,164.760849,21899500
11/20/2017,170.289993,170.559998,169.559998,169.979996,164.596252,16262400
11/21/2017,170.779999,173.699997,170.779999,173.139999,167.656158,25131300
11/22/2017,173.360001,175,173.050003,174.960007,169.418503,25588900
11/24/2017,175.100006,175.5,174.649994,174.970001,169.428192,14026700
11/27/2017,175.050003,175.080002,173.339996,174.089996,168.576065,20716800
11/28/2017,174.300003,174.869995,171.860001,173.070007,167.588379,26428800
11/29/2017,172.630005,172.919998,167.160004,169.479996,164.112122,41666400
11/30/2017,170.429993,172.139999,168.440002,171.850006,166.407013,41527200
12/1/2017,169.949997,171.669998,168.5,171.050003,165.632339,39759300
12/4/2017,172.479996,172.619995,169.630005,169.800003,164.421921,32542400
12/5/2017,169.059998,171.520004,168.399994,169.639999,164.266983,27350200
12/6/2017,167.5,170.199997,166.460007,169.009995,163.656967,28560000
12/7/2017,169.029999,170.440002,168.910004,169.320007,163.957169,25673300
12/8/2017,170.490005,171,168.820007,169.369995,164.005539,23355200
12/11/2017,169.199997,172.889999,168.789993,172.669998,167.201035,35273800
12/12/2017,172.149994,172.389999,171.460007,171.699997,166.261749,19409200
12/13/2017,172.5,173.539993,172,172.270004,166.813705,23818400
12/14/2017,172.399994,173.130005,171.649994,172.220001,166.765289,20476500
12/15/2017,173.630005,174.169998,172.460007,173.970001,168.459869,40169300
12/18/2017,174.880005,177.199997,174.860001,176.419998,170.832275,29421100
12/19/2017,175.029999,175.389999,174.089996,174.539993,169.01178,27436400
12/20/2017,174.869995,175.419998,173.25,174.350006,168.82782,23475600
12/21/2017,174.169998,176.020004,174.100006,175.009995,169.466919,20949900
12/22/2017,174.679993,175.419998,174.5,175.009995,169.466919,16349400
12/26/2017,170.800003,171.470001,169.679993,170.570007,165.167572,33185500
12/27/2017,170.100006,170.779999,169.710007,170.600006,165.196625,21498200
12/28/2017,171,171.850006,170.479996,171.080002,165.661407,16480200
12/29/2017,170.520004,170.589996,169.220001,169.229996,163.869995,25999900
1/2/2018,170.160004,172.300003,169.259995,172.259995,166.804016,25555900
1/3/2018,172.529999,174.550003,171.960007,172.229996,166.774963,29517900
1/4/2018,172.539993,173.470001,172.080002,173.029999,167.549622,22434600
1/5/2018,173.440002,175.369995,173.050003,175,169.457214,23660000
1/8/2018,174.350006,175.610001,173.929993,174.350006,168.82782,20567800
1/9/2018,174.550003,175.059998,173.410004,174.330002,168.808456,21584000
1/10/2018,173.160004,174.300003,173,174.289993,168.769714,23959900
1/11/2018,174.589996,175.490005,174.490005,175.279999,169.728378,18667700
1/12/2018,176.179993,177.360001,175.649994,177.089996,171.481064,25418100
1/16/2018,177.899994,179.389999,176.139999,176.190002,170.609558,29565900
1/17/2018,176.149994,179.25,175.070007,179.100006,173.427399,34386800
1/18/2018,179.369995,180.100006,178.25,179.259995,173.582321,31193400
1/19/2018,178.610001,179.580002,177.410004,178.460007,172.807663,32425100
1/22/2018,177.300003,177.779999,176.600006,177,171.393921,27108600
1/23/2018,177.300003,179.440002,176.820007,177.039993,171.432632,32689100
1/24/2018,177.25,177.300003,173.199997,174.220001,168.70195,51105100
1/25/2018,174.509995,174.949997,170.529999,171.110001,165.690445,41529000
1/26/2018,172,172,170.059998,171.509995,166.077759,39143000
1/29/2018,170.160004,170.160004,167.070007,167.960007,162.640213,50640400
1/30/2018,165.529999,167.369995,164.699997,166.970001,161.68158,46048200
1/31/2018,166.869995,168.440002,166.5,167.429993,162.127014,32478900
2/1/2018,167.169998,168.619995,166.759995,167.779999,162.465912,47230800
2/2/2018,166,166.800003,160.100006,160.5,155.416519,86593800
2/5/2018,159.100006,163.880005,156,156.490005,151.533508,72738500
2/6/2018,154.830002,163.720001,154,163.029999,157.866333,68243800
2/7/2018,163.089996,163.399994,159.070007,159.539993,154.486877,51608600
2/8/2018,160.289993,161,155.029999,155.149994,150.235947,54390500
2/9/2018,157.070007,157.889999,150.240005,156.410004,152.073547,70672600
2/12/2018,158.5,163.889999,157.509995,162.710007,158.198883,60819500
2/13/2018,161.949997,164.75,161.649994,164.339996,159.783676,32549200
2/14/2018,163.039993,167.539993,162.880005,167.369995,162.729675,40644900
2/15/2018,169.789993,173.089996,169,172.990005,168.193878,51147200
2/16/2018,172.360001,174.820007,171.770004,172.429993,167.649399,40176100
2/20/2018,172.050003,174.259995,171.419998,171.850006,167.08548,33930500
2/21/2018,172.830002,174.119995,171.009995,171.070007,166.327103,37471600
2/22/2018,171.800003,173.949997,171.710007,172.5,167.717453,30991900
2/23/2018,173.669998,175.649994,173.539993,175.5,170.634277,33812400
2/26/2018,176.350006,179.389999,176.210007,178.970001,174.008057,38162200
2/27/2018,179.100006,180.479996,178.160004,178.389999,173.444168,38928100
2/28/2018,179.259995,180.619995,178.050003,178.119995,173.181656,37782100
3/1/2018,178.539993,179.779999,172.660004,175,170.148117,48802000
3/2/2018,172.800003,176.300003,172.449997,176.210007,171.3246,38454000
3/5/2018,175.210007,177.740005,174.520004,176.820007,171.917709,28401400
3/6/2018,177.910004,178.25,176.130005,176.669998,171.771851,23788500
3/7/2018,174.940002,175.850006,174.270004,175.029999,170.177322,31703500
3/8/2018,175.479996,177.119995,175.070007,176.940002,172.034363,23774100
3/9/2018,177.960007,180,177.389999,179.979996,174.990051,32185200
3/12/2018,180.289993,182.389999,180.210007,181.720001,176.681824,32207100
3/13/2018,182.589996,183.5,179.240005,179.970001,174.980347,31693500
3/14/2018,180.320007,180.520004,177.809998,178.440002,173.492752,29368400
3/15/2018,178.5,180.240005,178.070007,178.649994,173.69693,22743800
3/16/2018,178.649994,179.119995,177.619995,178.020004,173.084427,39404700
3/19/2018,177.320007,177.470001,173.660004,175.300003,170.439835,33446800
3/20/2018,175.240005,176.800003,174.940002,175.240005,170.3815,19649400
3/21/2018,175.039993,175.089996,171.259995,171.270004,166.521561,37054900
3/22/2018,170,172.679993,168.600006,168.850006,164.168655,41490800
3/23/2018,168.389999,169.919998,164.940002,164.940002,160.367035,41028800
3/26/2018,168.070007,173.100006,166.440002,172.770004,167.979996,37541200
3/27/2018,173.679993,175.149994,166.919998,168.339996,163.672775,40922600
3/28/2018,167.25,170.020004,165.190002,166.479996,161.864365,41668500
3/29/2018,167.809998,171.75,166.899994,167.779999,163.128311,38398500
4/2/2018,166.639999,168.940002,164.470001,166.679993,162.058807,37586800
4/3/2018,167.639999,168.75,164.880005,168.389999,163.72142,30278000
4/4/2018,164.880005,172.009995,164.770004,171.610001,166.852142,34605500
4/5/2018,172.580002,174.229996,172.080002,172.800003,168.009125,26933200
4/6/2018,170.970001,172.479996,168.199997,168.380005,163.7117,35005300
4/9/2018,169.880005,173.089996,169.850006,170.050003,165.335388,29017700
4/10/2018,173,174,171.529999,173.25,168.446671,28408600
4/11/2018,172.229996,173.919998,171.699997,172.440002,167.659119,22431600
4/12/2018,173.410004,175,173.039993,174.139999,169.311996,22889300
4/13/2018,174.779999,175.839996,173.850006,174.729996,169.885605,25124300
4/16/2018,175.029999,176.190002,174.830002,175.820007,170.945419,21578400
4/17/2018,176.490005,178.940002,176.410004,178.240005,173.298309,26605400
4/18/2018,177.809998,178.820007,176.880005,177.839996,172.909393,20754500
4/19/2018,173.759995,175.389999,172.660004,172.800003,168.009125,34808800
4/20/2018,170.600006,171.220001,165.429993,165.720001,161.125412,65491100
4/23/2018,166.830002,166.919998,164.089996,165.240005,160.658752,36515500
4/24/2018,165.669998,166.330002,161.220001,162.940002,158.422516,33692000
4/25/2018,162.619995,165.419998,162.410004,163.649994,159.112808,28382100
4/26/2018,164.119995,165.729996,163.369995,164.220001,159.667007,27963000
4/27/2018,164,164.330002,160.630005,162.320007,157.819687,35655800
4/30/2018,162.130005,167.259995,161.839996,165.259995,160.678177,42427400
5/1/2018,166.410004,169.199997,165.270004,169.100006,164.411697,53569400
5/2/2018,175.229996,177.75,173.800003,176.570007,171.674622,66539400
5/3/2018,175.880005,177.5,174.440002,176.889999,171.985733,34068200
5/4/2018,178.25,184.25,178.169998,183.830002,178.733322,56201300
5/7/2018,185.179993,187.669998,184.75,185.160004,180.026459,42451400
5/8/2018,184.990005,186.220001,183.669998,186.050003,180.891769,28402800
5/9/2018,186.550003,187.399994,185.220001,187.360001,182.165451,23211200
5/10/2018,187.740005,190.369995,187.649994,190.039993,184.771149,27989300
5/11/2018,189.490005,190.059998,187.449997,188.589996,184.06842,26212200
5/14/2018,189.009995,189.529999,187.860001,188.149994,183.638962,20778800
5/15/2018,186.779999,187.070007,185.100006,186.440002,181.969971,23695200
5/16/2018,186.070007,188.460007,186,188.179993,183.668228,19183100
5/17/2018,188,188.910004,186.360001,186.990005,182.50679,17294000
5/18/2018,187.190002,187.809998,186.130005,186.309998,181.843079,18297700
5/21/2018,188,189.270004,186.910004,187.630005,183.131439,18400800
5/22/2018,188.380005,188.880005,186.779999,187.160004,182.672684,15240700
5/23/2018,186.350006,188.5,185.759995,188.360001,183.843964,20058400
5/24/2018,188.770004,188.839996,186.210007,188.149994,183.638962,23234000
5/25/2018,188.229996,189.649994,187.649994,188.580002,184.058655,17461000
5/29/2018,187.600006,188.75,186.869995,187.899994,183.394974,22514100
5/30/2018,187.720001,188,186.779999,187.5,183.004562,18690500
5/31/2018,187.220001,188.229996,186.139999,186.869995,182.389633,27482800
6/1/2018,187.990005,190.259995,187.75,190.240005,185.678833,23442500
6/4/2018,191.639999,193.419998,191.350006,191.830002,187.230743,26266200
6/5/2018,193.070007,193.940002,192.360001,193.309998,188.675247,21566000
6/6/2018,193.630005,194.080002,191.919998,193.979996,189.329178,20933600
6/7/2018,194.139999,194.199997,192.339996,193.460007,188.821671,21347200
6/8/2018,191.169998,192,189.770004,191.699997,187.103851,26656800
6/11/2018,191.350006,191.970001,190.210007,191.229996,186.645111,18308500
6/12/2018,191.389999,192.610001,191.149994,192.279999,187.669937,16911100
6/13/2018,192.419998,192.880005,190.440002,190.699997,186.127823,21638400
6/14/2018,191.550003,191.570007,190.220001,190.800003,186.225433,21610100
6/15/2018,190.029999,190.160004,188.259995,188.839996,184.312439,61719200
6/18/2018,187.880005,189.220001,187.199997,188.740005,184.214798,18484900
6/19/2018,185.139999,186.330002,183.449997,185.690002,181.237946,33578500
6/20/2018,186.350006,187.199997,185.729996,186.5,182.028534,20628700
6/21/2018,187.25,188.350006,184.940002,185.460007,181.013458,25711900
6/22/2018,186.119995,186.149994,184.699997,184.919998,180.486389,27200400
6/25/2018,183.399994,184.919998,180.729996,182.169998,177.802338,31663100
6/26/2018,182.990005,186.529999,182.539993,184.429993,180.008163,24569200
6/27/2018,185.229996,187.279999,184.029999,184.160004,179.744629,25285300
6/28/2018,184.100006,186.210007,183.800003,185.5,181.052505,17365200
6/29/2018,186.289993,187.190002,182.910004,185.110001,180.671844,22737700
7/2/2018,183.820007,187.300003,183.419998,187.179993,182.692215,17731300
7/3/2018,187.789993,187.949997,183.539993,183.919998,179.510391,13954800
7/5/2018,185.259995,186.410004,184.279999,185.399994,180.954895,16604200
7/6/2018,185.419998,188.429993,185.199997,187.970001,183.463272,17485200
7/9/2018,189.5,190.679993,189.300003,190.580002,186.010712,19756600
7/10/2018,190.710007,191.279999,190.179993,190.350006,185.786255,15939100
7/11/2018,188.5,189.779999,187.610001,187.880005,183.375427,18831500
7/12/2018,189.529999,191.410004,189.309998,191.029999,186.449905,18041100
7/13/2018,191.080002,191.839996,190.899994,191.330002,186.742706,12513900
7/16/2018,191.520004,192.649994,190.419998,190.910004,186.332794,15043100
7/17/2018,189.75,191.869995,189.199997,191.449997,186.859833,15534500
7/18/2018,191.779999,191.800003,189.929993,190.399994,185.835007,16393400
7/19/2018,189.690002,192.550003,189.690002,191.880005,187.279556,20286800
7/20/2018,191.779999,192.429993,190.169998,191.440002,186.850113,20676200
7/23/2018,190.679993,191.960007,189.559998,191.610001,187.015991,15989400
7/24/2018,192.449997,193.660004,192.050003,193,188.372696,18697900
7/25/2018,193.059998,194.850006,192.429993,194.820007,190.149063,16709900
7/26/2018,194.610001,195.960007,193.610001,194.210007,189.55368,19076000
7/27/2018,194.990005,195.190002,190.100006,190.979996,186.401138,24024000
7/30/2018,191.899994,192.199997,189.070007,189.910004,185.356781,21029500
7/31/2018,190.300003,192.139999,189.339996,190.289993,185.727646,39373000
8/1/2018,199.130005,201.759995,197.309998,201.5,196.6689,67935700
8/2/2018,200.580002,208.380005,200.350006,207.389999,202.417679,62404000
8/3/2018,207.029999,208.740005,205.479996,207.990005,203.003281,33447400
8/6/2018,208,209.25,207.070007,209.070007,204.057388,25425400
8/7/2018,209.320007,209.5,206.759995,207.110001,202.144379,25587400
8/8/2018,206.050003,207.809998,204.520004,207.25,202.281052,22525500
8/9/2018,209.529999,209.779999,207.199997,208.880005,203.871964,23492600
8/10/2018,207.360001,209.100006,206.669998,207.529999,203.264679,24611200
8/13/2018,209.309998,210.949997,207.699997,208.869995,204.577133,25890900
8/14/2018,210.160004,210.559998,208.259995,209.75,205.439102,20748000
8/15/2018,209.220001,210.740005,208.330002,210.240005,205.919006,28807600
8/16/2018,211.75,213.809998,211.470001,213.320007,208.935715,28500400
8/17/2018,213.440002,217.949997,213.160004,217.580002,213.108124,35427000
8/20/2018,218.100006,219.179993,215.110001,215.460007,211.031723,30287700
8/21/2018,216.800003,217.190002,214.029999,215.039993,210.620346,26159800
8/22/2018,214.100006,216.360001,213.839996,215.050003,210.630157,19018100
8/23/2018,214.649994,217.050003,214.600006,215.490005,211.061111,18883200
8/24/2018,216.600006,216.899994,215.110001,216.160004,211.717331,18476400
8/27/2018,217.149994,218.740005,216.330002,217.940002,213.460739,20525100
8/28/2018,219.009995,220.539993,218.919998,219.699997,215.18457,22776800
8/29/2018,220.149994,223.490005,219.410004,222.979996,218.397171,27254800
8/30/2018,223.25,228.259995,222.399994,225.029999,220.405014,48793800
8/31/2018,226.509995,228.869995,226,227.630005,222.951584,43340100
9/4/2018,228.410004,229.179993,226.630005,228.360001,223.666595,27390100
9/5/2018,228.990005,229.669998,225.100006,226.869995,222.20723,33333000
9/6/2018,226.229996,227.350006,221.300003,223.100006,218.514709,34290000
9/7/2018,221.850006,225.369995,220.710007,221.300003,216.751694,37619800
9/10/2018,220.949997,221.850006,216.470001,218.330002,213.842728,39516500
9/11/2018,218.009995,224.300003,216.559998,223.850006,219.249298,35749000
9/12/2018,224.940002,225,219.839996,221.070007,216.526428,49278700
9/13/2018,223.520004,228.350006,222.570007,226.410004,221.756668,41706400
9/14/2018,225.75,226.839996,222.520004,223.839996,219.239487,31999300
9/17/2018,222.149994,222.949997,217.270004,217.880005,213.401993,37195100
9/18/2018,217.789993,221.850006,217.119995,218.240005,213.754593,31571700
9/19/2018,218.5,219.619995,215.300003,218.369995,213.881897,27123800
9/20/2018,220.240005,222.279999,219.149994,220.029999,215.507813,26608800
9/21/2018,220.779999,221.360001,217.289993,217.660004,213.186508,96246700
9/24/2018,216.820007,221.259995,216.630005,220.789993,216.252182,27693400
9/25/2018,219.75,222.820007,219.699997,222.190002,217.623398,24554400
9/26/2018,221,223.75,219.759995,220.419998,215.889771,23984700
9/27/2018,223.820007,226.440002,223.539993,224.949997,220.32666,30181200
9/28/2018,224.789993,225.839996,224.020004,225.740005,221.100433,22929400
10/1/2018,227.949997,229.419998,226.350006,227.259995,222.589203,23600800
10/2/2018,227.25,230,226.630005,229.279999,224.567673,24788200
10/3/2018,230.050003,233.470001,229.779999,232.070007,227.300339,28654800
10/4/2018,230.779999,232.350006,226.729996,227.990005,223.304199,32042000
10/5/2018,227.960007,228.410004,220.580002,224.289993,219.680222,33580500
10/8/2018,222.210007,224.800003,220.199997,223.770004,219.170944,29663900
10/9/2018,223.639999,227.270004,222.25,226.869995,222.20723,26891000
10/10/2018,225.460007,226.350006,216.050003,216.360001,211.913208,41990600
10/11/2018,214.520004,219.5,212.320007,214.449997,210.04248,53124400
10/12/2018,220.419998,222.880005,216.839996,222.110001,217.545044,40337900
10/15/2018,221.160004,221.830002,217.270004,217.360001,212.892654,30791000
10/16/2018,218.929993,222.990005,216.759995,222.149994,217.584213,29184000
10/17/2018,222.300003,222.639999,219.339996,221.190002,216.643967,22885400
10/18/2018,217.860001,219.740005,213,216.020004,211.5802,32581300
10/19/2018,218.059998,221.259995,217.429993,219.309998,214.802567,33078700
10/22/2018,219.789993,223.360001,218.940002,220.649994,216.115036,28792100
10/23/2018,215.830002,223.25,214.699997,222.729996,218.152298,38767800
10/24/2018,222.600006,224.229996,214.539993,215.089996,210.669327,40925500
10/25/2018,217.710007,221.380005,216.75,219.800003,215.282516,29855800
10/26/2018,215.899994,220.190002,212.669998,216.300003,211.854462,47258400
10/29/2018,219.190002,219.690002,206.089996,212.240005,207.877899,45935500
10/30/2018,211.149994,215.179993,209.270004,213.300003,208.916122,36660000
10/31/2018,216.880005,220.449997,216.619995,218.860001,214.361847,38358900
11/1/2018,219.050003,222.360001,216.809998,222.220001,217.652786,58323200
11/2/2018,209.550003,213.649994,205.429993,207.479996,203.215714,91328700
11/5/2018,204.300003,204.389999,198.169998,201.589996,197.446762,66163700
11/6/2018,201.919998,204.720001,201.690002,203.770004,199.581985,31882900
11/7/2018,205.970001,210.059998,204.130005,209.949997,205.634949,33424400
11/8/2018,209.979996,210.119995,206.75,208.490005,204.91748,25362600
11/9/2018,205.550003,206.009995,202.25,204.470001,200.966339,34365800
11/12/2018,199,199.850006,193.789993,194.169998,190.84285,51135500
11/13/2018,191.630005,197.179993,191.449997,192.229996,188.936081,46882900
11/14/2018,193.899994,194.479996,185.929993,186.800003,183.599152,60801000
11/15/2018,188.389999,191.970001,186.899994,191.410004,188.130142,46478800
11/16/2018,190.5,194.970001,189.460007,193.529999,190.213806,36928300
11/19/2018,190,190.699997,184.990005,185.860001,182.675247,41925300
11/20/2018,178.369995,181.470001,175.509995,176.979996,173.947418,67825200
11/21/2018,179.729996,180.270004,176.550003,176.779999,173.750839,31124200
11/23/2018,174.940002,176.600006,172.100006,172.289993,169.337769,23624000
11/26/2018,174.240005,174.949997,170.259995,174.619995,171.627838,44998500
11/27/2018,171.509995,174.770004,170.880005,174.240005,171.254364,41387400
11/28/2018,176.729996,181.289993,174.929993,180.940002,177.839554,46062500
11/29/2018,182.660004,182.800003,177.699997,179.550003,176.473358,41770000
11/30/2018,180.289993,180.330002,177.029999,178.580002,175.519989,39531500
12/3/2018,184.460007,184.940002,181.210007,184.820007,181.653076,40802500
12/4/2018,180.949997,182.389999,176.270004,176.690002,173.662369,41344300
12/6/2018,171.759995,174.779999,170.419998,174.720001,171.726135,43098400
12/7/2018,173.490005,174.490005,168.300003,168.490005,165.602905,42281600
12/10/2018,165,170.089996,163.330002,169.600006,166.693863,62026000
12/11/2018,171.660004,171.789993,167,168.630005,165.740494,47281700
12/12/2018,170.399994,171.919998,169.020004,169.100006,166.202438,35627700
12/13/2018,170.490005,172.570007,169.550003,170.949997,168.020721,31898600
12/14/2018,169,169.080002,165.279999,165.479996,162.64444,40703700
12/17/2018,165.449997,168.350006,162.729996,163.940002,161.130859,44287900
12/18/2018,165.380005,167.529999,164.389999,166.070007,163.224365,33841500
12/19/2018,166,167.449997,159.089996,160.889999,158.133102,49047300
12/20/2018,160.399994,162.110001,155.300003,156.830002,154.14267,64773000
12/21/2018,156.860001,158.160004,149.630005,150.729996,148.147202,95744600
12/24/2018,148.149994,151.550003,146.589996,146.830002,144.314041,37169200
12/26/2018,148.300003,157.229996,146.720001,157.169998,154.476852,58582500
12/27/2018,155.839996,156.770004,150.070007,156.149994,153.474335,53117100
12/28/2018,157.5,158.520004,154.550003,156.229996,153.552979,42291400
12/31/2018,158.529999,159.360001,156.479996,157.740005,155.037109,35003500
1/2/2019,154.889999,158.850006,154.229996,157.919998,155.214005,37039700
1/3/2019,143.979996,145.720001,142,142.190002,139.75354,91312200
1/4/2019,144.529999,148.550003,143.800003,148.259995,145.719513,58607100
1/7/2019,148.699997,148.830002,145.899994,147.929993,145.395203,54777800
1/8/2019,149.559998,151.820007,148.520004,150.75,148.16687,41025300
1/9/2019,151.289993,154.529999,149.630005,153.309998,150.682983,45099100
1/10/2019,152.5,153.970001,150.860001,153.800003,151.164627,35780700
1/11/2019,152.880005,153.699997,151.509995,152.289993,149.680466,27023200
1/14/2019,150.850006,151.270004,149.220001,150,147.429718,32439200
1/15/2019,150.270004,153.389999,150.050003,153.070007,150.447128,28710900
1/16/2019,153.080002,155.880005,153,154.940002,152.28508,30569700
1/17/2019,154.199997,157.660004,153.259995,155.860001,153.189301,29821200
1/18/2019,157.5,157.880005,155.979996,156.820007,154.132858,33751000
1/22/2019,156.410004,156.729996,152.619995,153.300003,150.673172,30394000
1/23/2019,154.149994,155.139999,151.699997,153.919998,151.282547,23130600
1/24/2019,154.110001,154.479996,151.740005,152.699997,150.083435,25441500
1/25/2019,155.479996,158.130005,154.320007,157.759995,155.056747,33535500
1/28/2019,155.789993,156.330002,153.660004,156.300003,153.621765,26192100
1/29/2019,156.25,158.130005,154.110001,154.679993,152.02951,41587200
1/30/2019,163.25,166.149994,160.229996,165.25,162.418411,61109800
1/31/2019,166.110001,169,164.559998,166.440002,163.587997,40739600
2/1/2019,166.960007,168.979996,165.929993,166.520004,163.666641,32668100
2/4/2019,167.410004,171.660004,167.279999,171.25,168.315582,31495500
2/5/2019,172.860001,175.080002,172.350006,174.179993,171.195389,36101600
2/6/2019,174.649994,175.570007,172.850006,174.240005,171.254364,28239600
2/7/2019,172.399994,173.940002,170.339996,170.940002,168.01091,31741700
2/8/2019,168.990005,170.660004,168.419998,170.410004,168.208328,23820000
2/11/2019,171.050003,171.210007,169.25,169.429993,167.240967,20993400
2/12/2019,170.100006,171,169.699997,170.889999,168.682114,22283500
2/13/2019,171.389999,172.479996,169.919998,170.179993,167.981277,22490200
2/14/2019,169.710007,171.259995,169.380005,170.800003,168.593292,21835700
2/15/2019,171.25,171.699997,169.75,170.419998,168.218201,24626800
2/19/2019,169.710007,171.440002,169.490005,170.929993,168.721588,18972800
2/20/2019,171.190002,173.320007,170.990005,172.029999,169.807388,26114400
2/21/2019,171.800003,172.369995,170.300003,171.059998,168.84993,17249700
2/22/2019,171.580002,173,171.380005,172.970001,170.735229,18913200
2/25/2019,174.160004,175.869995,173.949997,174.229996,171.978958,21873400
2/26/2019,173.710007,175.300003,173.169998,174.330002,172.077667,17070200
2/27/2019,173.210007,175,172.729996,174.869995,172.610687,27835400
2/28/2019,174.320007,174.910004,172.919998,173.149994,170.912918,28215400
3/1/2019,174.279999,175.149994,172.889999,174.970001,172.709381,25886200
3/4/2019,175.690002,177.75,173.970001,175.850006,173.578033,27436200
3/5/2019,175.940002,176,174.539993,175.529999,173.262161,19737400
3/6/2019,174.669998,175.490005,173.940002,174.520004,172.265228,20810400
3/7/2019,173.869995,174.440002,172.020004,172.5,170.271317,24796400
3/8/2019,170.320007,173.070007,169.5,172.910004,170.676025,23999400
3/11/2019,175.490005,179.119995,175.350006,178.899994,176.588608,32011000
3/12/2019,180,182.669998,179.369995,180.910004,178.572662,32467600
3/13/2019,182.25,183.300003,180.919998,181.710007,179.36232,31032500
3/14/2019,183.899994,184.100006,182.559998,183.729996,181.356216,23579500
3/15/2019,184.850006,187.330002,183.740005,186.119995,183.715332,39042900
3/18/2019,185.800003,188.389999,185.789993,188.020004,185.590805,26219800
3/19/2019,188.350006,188.990005,185.919998,186.529999,184.120056,31646400
3/20/2019,186.229996,189.490005,184.729996,188.160004,185.728989,31035200
3/21/2019,190.020004,196.330002,189.809998,195.089996,192.569427,51034200
3/22/2019,195.339996,197.690002,190.779999,191.050003,188.58165,42407700
3/25/2019,191.509995,191.979996,186.600006,188.740005,186.301483,43845300
3/26/2019,191.660004,192.880005,184.580002,186.789993,184.376678,49800500
3/27/2019,188.75,189.759995,186.550003,188.470001,186.034973,29848400
3/28/2019,188.949997,189.559998,187.529999,188.720001,186.281738,20780400
3/29/2019,189.830002,190.080002,188.539993,189.949997,187.495865,23564000
4/1/2019,191.639999,191.679993,188.380005,191.240005,188.769211,27862000
4/2/2019,191.089996,194.460007,191.050003,194.020004,191.51329,22765700
4/3/2019,193.25,196.5,193.149994,195.350006,192.826111,23271800
4/4/2019,194.789993,196.369995,193.139999,195.690002,193.161682,19114300
4/5/2019,196.449997,197.100006,195.929993,197,194.454758,18526600
4/8/2019,196.419998,200.229996,196.339996,200.100006,197.514709,25881700
4/9/2019,200.320007,202.850006,199.229996,199.5,196.92247,35768200
4/10/2019,198.679993,200.740005,198.179993,200.619995,198.027985,21695300
4/11/2019,200.850006,201,198.440002,198.949997,196.379578,20900800
4/12/2019,199.199997,200.139999,196.210007,198.869995,196.300613,27760700
4/15/2019,198.580002,199.850006,198.009995,199.229996,196.65596,17536600
4/16/2019,199.460007,201.369995,198.559998,199.25,196.675705,25696400
4/17/2019,199.539993,203.380005,198.610001,203.130005,200.505585,28906800
4/18/2019,203.119995,204.149994,202.520004,203.860001,201.226151,24195800
4/22/2019,202.830002,204.940002,202.339996,204.529999,201.887497,19439500
4/23/2019,204.429993,207.75,203.899994,207.479996,204.799362,23323000
4/24/2019,207.360001,208.479996,207.050003,207.160004,204.483505,17540600
,,,,,,
,,,,,,
,,,,,,
,,,,,,
,,,,,,
,,,,,,
,,,,,,
,,,,,,
,,,,,,
,,,,,,
,,,,,,
,,,,,,
,,,,,,
,,,,,,
,,,,,,
,,,,,,
,,,,,,
,,,,,,
,,,,,,
,,,,,,
,,,,,,
,,,,,,
,,,,,,
,,,,,,
,,,,,,
,,,,,,
,,,,,,
,,,,,,
,,,,,,
,,,,,,
,,,,,,
,,,,,,
,,,,,,
,,,,,,
,,,,,,
,,,,,,
,,,,,,
,,,,,,
,,,,,,
,,,,,,
,,,,,,
,,,,,,
,,,,,,
,,,,,,
,,,,,,
,,,,,,
,,,,,,
,,,,,,
,,,,,,
,,,,,,
,,,,,,
,,,,,,
,,,,,,
,,,,,,
,,,,,,
,,,,,,
,,,,,,
,,,,,,
,,,,,,
,,,,,,
,,,,,,
,,,,,,
,,,,,,
,,,,,,
,,,,,,
,,,,,,
,,,,,,
,,,,,,
,,,,,,
,,,,,,
,,,,,,
,,,,,,
,,,,,,
,,,,,,
,,,,,,
,,,,,,
,,,,,,
,,,,,,
,,,,,,
,,,,,,
,,,,,,
,,,,,,
,,,,,,
,,,,,,
,,,,,,
,,,,,,
,,,,,,
,,,,,,
,,,,,,
,,,,,,
,,,,,,
,,,,,,
,,,,,,
,,,,,,
,,,,,,
,,,,,,
,,,,,,
,,,,,,
,,,,,,
,,,,,,
,,,,,,
,,,,,,
,,,,,,
,,,,,,
,,,,,,
,,,,,,
,,,,,,
,,,,,,
,,,,,,
,,,,,,
,,,,,,
,,,,,,
,,,,,,
,,,,,,
,,,,,,
,,,,,,
,,,,,,
,,,,,,
,,,,,,
,,,,,,
,,,,,,
,,,,,,
,,,,,,
,,,,,,
,,,,,,
,,,,,,
,,,,,,
,,,,,,
,,,,,,
,,,,,,
,,,,,,
,,,,,,
,,,,,,
,,,,,,
,,,,,,
,,,,,,
,,,,,,
,,,,,,
,,,,,,
,,,,,,
,,,,,,
,,,,,,
,,,,,,
,,,,,,
,,,,,,
,,,,,,
,,,,,,
,,,,,,
,,,,,,
,,,,,,
,,,,,,
,,,,,,
,,,,,,
,,,,,,
,,,,,,
,,,,,,
,,,,,,
,,,,,,
,,,,,,
,,,,,,
,,,,,,
,,,,,,
,,,,,,
,,,,,,
,,,,,,
,,,,,,
,,,,,,
,,,,,,
,,,,,,
,,,,,,
,,,,,,
,,,,,,
,,,,,,
,,,,,,
,,,,,,
,,,,,,
,,,,,,
,,,,,,
,,,,,,
,,,,,,
,,,,,,
,,,,,,
,,,,,,
,,,,,,
,,,,,,
,,,,,,
,,,,,,
,,,,,,
,,,,,,
,,,,,,
,,,,,,
,,,,,,
,,,,,,
,,,,,,
,,,,,,
,,,,,,
,,,,,,
,,,,,,
,,,,,,
,,,,,,
,,,,,,
,,,,,,
,,,,,,
,,,,,,
,,,,,,
,,,,,,
,,,,,,
,,,,,,
,,,,,,
,,,,,,
,,,,,,
,,,,,,
,,,,,,
,,,,,,
,,,,,,
,,,,,,
,,,,,,
,,,,,,
,,,,,,
,,,,,,
,,,,,,
,,,,,,
,,,,,,
,,,,,,
,,,,,,
,,,,,,
,,,,,,
,,,,,,
,,,,,,
,,,,,,
,,,,,,
,,,,,,
,,,,,,
,,,,,,
,,,,,,
,,,,,,
,,,,,,
,,,,,,
,,,,,,
,,,,,,
,,,,,,
,,,,,,
,,,,,,
,,,,,,
,,,,,,
,,,,,,
,,,,,,
,,,,,,
,,,,,,
,,,,,,
,,,,,,
,,,,,,
,,,,,,
